# DraftSheets re-scored for San Diego City Slackers (12 tm, QB1/RB2/WR3/TE1/FLEX1 RB/WR, 0 PPR). Pts = ECR-blended 16-game projection; VBD vs baselines QB14, RB44, WR47, TE12.
Player,Position,Team,Bye,ECRRank,ECRTier,PosRank,Upside,Bust,MissedGames,Low,Avg,High,Pts,VBD,Tier,ECRvsADP
Jahmyr Gibbs,RB,DET,6,1,1,1,5 out of 5,1 out of 5,2.551,224.19,242.81,261.69,242.88,166.27,1,0
Bijan Robinson,RB,ATL,11,2,1,2,5 out of 5,1 out of 5,2.55,214.99,221.43,226.09,220.99,144.38,2,0
Ja'Marr Chase,WR,CIN,6,3,1,1,5 out of 5,1 out of 5,1.832,172.1,178.72,185.01,180.03,100.42,1,0
Puka Nacua,WR,LAR,11,4,1,2,5 out of 5,2 out of 5,1.899,182.82,184.31,187.96,183.45,103.84,1,0
Jaxon Smith-Njigba,WR,SEA,11,5,1,3,5 out of 5,2 out of 5,1.965,165.31,177.53,194.52,178.72,99.11,1,2
Amon-Ra St. Brown,WR,DET,6,6,1,4,5 out of 5,1 out of 5,2.03,161.23,166.4,173.08,166.78,87.17,2,2
Jonathan Taylor,RB,IND,13,7,1,3,4 out of 5,3 out of 5,2.55,194.79,212.42,234.34,213.49,136.89,2,-1
Christian McCaffrey,RB,SF,8,8,1,4,4 out of 5,4 out of 5,2.551,188.37,202.73,212.42,201.56,124.96,2,-3
James Cook III,RB,BUF,7,9,1,5,5 out of 5,1 out of 5,2.553,176.08,187.71,196.28,190.59,113.99,3,0
CeeDee Lamb,WR,DAL,14,10,1,5,4 out of 5,2 out of 5,2.095,124.58,143.24,157.28,142.09,62.47,3,0
Justin Jefferson,WR,MIN,6,11,2,6,5 out of 5,2 out of 5,2.159,136.79,141.46,149.34,142.26,62.65,3,2
Chase Brown,RB,CIN,6,12,2,6,5 out of 5,2 out of 5,2.556,154.13,169.57,186.47,174.47,97.87,3,2
Saquon Barkley,RB,PHI,10,13,2,7,4 out of 5,4 out of 5,2.561,163.09,176.02,189.96,177.15,100.55,3,-2
A.J. Brown,WR,NE,11,14,2,7,5 out of 5,2 out of 5,2.222,126.68,137.03,151.56,138.77,59.15,3,5
Drake London,WR,ATL,11,15,2,8,4 out of 5,3 out of 5,2.285,133.1,139.8,147.96,139.47,59.86,3,6
De'Von Achane,RB,MIA,6,16,2,8,4 out of 5,4 out of 5,2.567,158.04,179.55,207.31,180.23,103.63,3,-4
Kenneth Walker III,RB,KC,5,17,2,9,5 out of 5,4 out of 5,2.574,154.72,168.65,178.28,167.8,91.2,4,-2
Omarion Hampton,RB,LAC,7,18,2,10,5 out of 5,2 out of 5,2.582,143.65,161.25,173.25,161.7,85.1,4,-2
Nico Collins,WR,HOU,8,19,2,9,4 out of 5,2 out of 5,2.347,126.41,135.08,148.25,136.33,56.72,3,4
Brock Bowers,TE,LV,13,20,2,1,5 out of 5,1 out of 5,2.201,113.15,121.67,137.01,123.38,35.97,1,2
Derrick Henry,RB,BAL,13,21,2,11,4 out of 5,2 out of 5,2.591,183.67,202.28,221.48,193.41,116.81,3,-3
George Pickens,WR,DAL,14,22,2,10,4 out of 5,4 out of 5,2.409,120.16,135.6,158.61,137.36,57.75,3,2
Ashton Jeanty,RB,LV,13,23,2,12,4 out of 5,4 out of 5,2.602,133.27,160.25,187.08,160.89,84.29,4,-6
Chris Olave,WR,NO,8,24,2,11,4 out of 5,4 out of 5,2.47,121.85,133.84,151.61,135.46,55.85,3,2
Trey McBride,TE,ARI,14,25,2,2,4 out of 5,2 out of 5,2.119,108.67,120.27,131.87,120.27,32.86,1,0
Malik Nabers,WR,NYG,8,26,3,12,4 out of 5,4 out of 5,2.531,113.94,125.97,144.43,129.54,49.93,3,3
Josh Allen,QB,BUF,7,27,3,1,5 out of 5,2 out of 5,2.118,283.73,302.74,324.16,303.34,59.33,1,-7
DeVonta Smith,WR,PHI,10,28,3,13,4 out of 5,2 out of 5,2.591,115.95,117.57,119.74,119.81,40.2,4,3
Rashee Rice,WR,KC,5,29,3,14,4 out of 5,4 out of 5,2.65,113.63,134.53,158.98,133.17,53.55,3,4
Zay Flowers,WR,BAL,13,30,3,15,4 out of 5,2 out of 5,2.709,114.49,125.52,137.84,123.95,44.34,4,4
Kyren Williams,RB,LAR,11,31,3,13,4 out of 5,2 out of 5,2.614,146.86,158.8,172.13,159.76,83.16,4,-4
Javonte Williams,RB,DAL,14,32,3,14,4 out of 5,4 out of 5,2.627,148.91,162.96,174.09,161.55,84.95,4,-2
Breece Hall,RB,NYJ,13,33,3,15,4 out of 5,4 out of 5,2.641,138.62,156.19,172.39,156.5,79.9,4,-1
Tee Higgins,WR,CIN,6,34,3,16,5 out of 5,2 out of 5,2.767,107.27,117.33,131.94,118.53,38.92,4,6
Jaylen Waddle,WR,DEN,10,35,3,17,4 out of 5,3 out of 5,2.824,103.31,105.28,107.5,108.36,28.74,5,10
Lamar Jackson,QB,BAL,13,36,3,2,4 out of 5,4 out of 5,2.058,243.86,266.11,295.82,268.2,24.19,2,1
Ladd McConkey,WR,LAC,7,37,3,18,4 out of 5,3 out of 5,2.881,100.63,107.04,112.61,109.2,29.59,4,1
Garrett Wilson,WR,NYJ,13,38,3,19,4 out of 5,4 out of 5,2.937,94.82,112.32,131.57,113.64,34.02,4,6
Jeremiyah Love,RB,ARI,14,39,3,16,5 out of 5,4 out of 5,2.656,151.36,166.22,178.59,163.09,86.49,4,-11
Tetairoa McMillan,WR,CAR,5,40,3,20,4 out of 5,3 out of 5,2.993,108.26,116.54,125.97,116.36,36.74,4,-1
Colston Loveland,TE,CHI,10,41,3,3,5 out of 5,2 out of 5,2.048,98.48,108.85,124.41,110.15,22.73,2,0
Emeka Egbuka,WR,TB,10,42,3,21,4 out of 5,3 out of 5,3.048,110.78,117.95,123.78,116.21,36.6,4,1
Travis Etienne Jr.,RB,NO,8,43,4,17,4 out of 5,4 out of 5,2.673,134.37,149.91,171.02,151.3,74.7,4,-8
Drake Maye,QB,NE,11,44,4,3,5 out of 5,1 out of 5,2.009,247.7,264.15,275.41,263.34,19.33,3,7
D'Andre Swift,RB,CHI,10,45,4,18,3 out of 5,2 out of 5,2.691,133.93,146.71,159.08,147.12,70.52,4,-3
Luther Burden III,WR,CHI,10,46,4,22,4 out of 5,4 out of 5,3.103,94.83,102.75,112.95,104.4,24.78,5,6
Davante Adams,WR,LAR,11,47,4,23,4 out of 5,4 out of 5,3.157,109.02,115.83,124.62,113.88,34.26,4,9
Terry McLaurin,WR,WAS,7,48,4,24,4 out of 5,2 out of 5,3.21,95.78,106.04,124.31,107.96,28.35,5,6
Joe Burrow,QB,CIN,6,49,4,4,4 out of 5,4 out of 5,1.97,247.19,256.75,269.15,259.54,15.53,3,4
Jameson Williams,WR,DET,6,50,4,25,4 out of 5,3 out of 5,3.263,104.93,114.65,120.87,111.44,31.82,4,9
Bucky Irving,RB,TB,10,51,4,19,3 out of 5,4 out of 5,2.71,131.75,140.54,152.29,142.82,66.22,5,-4
Cam Skattebo,RB,NYG,8,52,4,20,4 out of 5,4 out of 5,2.73,130.09,148.77,168.37,147.67,71.06,4,-16
Tyler Warren,TE,IND,13,53,4,4,5 out of 5,2 out of 5,1.991,92.63,99.04,104.16,98.72,11.3,3,-3
DJ Moore,WR,BUF,7,54,4,26,4 out of 5,2 out of 5,3.315,88.72,103.92,116.71,103.32,23.7,5,-5
David Montgomery,RB,HOU,8,55,4,21,4 out of 5,2 out of 5,2.751,119.16,130.53,143.08,133.85,57.25,5,-7
Quinshon Judkins,RB,CLE,11,56,4,22,4 out of 5,4 out of 5,2.774,122.77,142.62,166.12,143.01,66.41,5,-10
Christian Watson,WR,GB,11,57,4,27,4 out of 5,4 out of 5,3.366,96.08,103.11,114.52,104.21,24.59,5,7
Rome Odunze,WR,CHI,10,58,4,28,4 out of 5,3 out of 5,3.417,98.0,105.71,114.12,105.15,25.53,5,3
Bhayshul Tuten,RB,JAX,7,59,4,23,4 out of 5,3 out of 5,2.798,112.22,139.87,172.02,140.99,64.39,5,-2
Jalen Hurts,QB,PHI,10,60,4,5,4 out of 5,3 out of 5,1.942,248.93,265.09,285.02,265.8,21.78,2,2
Jadarian Price,RB,SEA,11,61,4,24,4 out of 5,4 out of 5,2.823,132.29,143.43,153.12,139.84,63.24,5,-6
Mike Evans,WR,SF,8,62,4,29,4 out of 5,4 out of 5,3.467,90.63,96.32,101.37,97.32,17.71,5,4
Jayden Daniels,QB,WAS,7,63,4,6,4 out of 5,4 out of 5,1.924,243.96,267.0,289.09,264.2,20.19,2,0
Parker Washington,WR,JAX,7,64,4,30,4 out of 5,2 out of 5,3.517,80.63,89.3,102.87,92.61,13.0,6,3
TreVeyon Henderson,RB,NE,11,65,5,25,4 out of 5,4 out of 5,2.849,114.96,121.42,128.02,121.46,44.85,5,-7
Caleb Williams,QB,CHI,10,66,5,7,5 out of 5,2 out of 5,1.916,237.1,249.91,264.54,251.26,7.24,4,6
Rhamondre Stevenson,RB,NE,11,67,5,26,4 out of 5,3 out of 5,2.876,106.53,117.05,124.66,117.0,40.4,6,2
Tucker Kraft,TE,GB,11,68,5,5,5 out of 5,3 out of 5,1.945,80.03,94.31,114.17,96.29,8.88,3,-3
Jaylen Warren,RB,PIT,9,69,5,27,4 out of 5,4 out of 5,2.905,113.33,118.38,122.09,118.35,41.75,6,-1
Justin Herbert,QB,LAC,7,70,5,8,5 out of 5,2 out of 5,1.919,234.31,247.97,266.28,250.51,6.5,4,8
Marvin Harrison Jr.,WR,ARI,14,71,5,31,3 out of 5,4 out of 5,3.566,89.3,95.1,100.47,95.43,15.82,5,4
Carnell Tate,WR,TEN,9,72,5,32,4 out of 5,2 out of 5,3.615,89.2,100.98,114.42,100.23,20.62,5,2
Trevor Lawrence,QB,JAX,7,73,5,9,5 out of 5,2 out of 5,1.932,236.05,253.47,276.74,254.6,10.59,4,14
Tony Pollard,RB,TEN,9,74,5,28,4 out of 5,3 out of 5,2.935,108.55,119.78,129.73,119.11,42.51,6,3
Dak Prescott,QB,DAL,14,75,5,10,4 out of 5,2 out of 5,1.956,236.29,252.16,270.07,252.6,8.59,4,4
DK Metcalf,WR,PIT,9,76,5,33,3 out of 5,3 out of 5,3.663,89.99,95.02,100.59,95.18,15.56,5,6
Brian Thomas Jr.,WR,JAX,7,77,5,34,2 out of 5,4 out of 5,3.71,79.96,89.13,100.64,91.19,11.57,6,3
Harold Fannin Jr.,TE,CLE,11,78,5,6,4 out of 5,3 out of 5,1.913,80.63,96.15,116.43,97.34,9.93,3,-8
Rico Dowdle,RB,PIT,9,79,5,29,4 out of 5,4 out of 5,2.966,103.05,114.39,131.18,116.41,39.81,6,-3
Chris Godwin Jr.,WR,TB,10,80,5,35,4 out of 5,4 out of 5,3.757,69.02,77.76,86.57,81.88,2.26,6,3
Jonathon Brooks,RB,CAR,5,81,5,30,4 out of 5,4 out of 5,2.998,84.51,102.53,121.2,105.66,29.06,6,0
Sam LaPorta,TE,DET,6,82,5,7,4 out of 5,3 out of 5,1.892,86.06,94.61,105.39,95.17,7.75,3,-11
Kyle Pitts Sr.,TE,ATL,11,83,5,8,4 out of 5,4 out of 5,1.884,83.62,91.91,101.1,92.74,5.32,3,-10
Courtland Sutton,WR,DEN,10,84,5,36,2 out of 5,4 out of 5,3.803,90.26,94.16,98.08,93.84,14.23,5,6
Quentin Johnston,WR,LAC,7,85,5,37,4 out of 5,4 out of 5,3.848,74.56,83.55,95.13,86.06,6.45,6,19
J.K. Dobbins,RB,DEN,10,86,5,31,4 out of 5,4 out of 5,3.031,107.6,119.61,132.68,116.76,40.15,6,3
Michael Pittman Jr.,WR,PIT,9,87,5,38,3 out of 5,3 out of 5,3.848,64.12,78.6,88.42,80.11,0.5,6,28
Michael Wilson,WR,ARI,14,88,5,39,-,-,3.848,72.77,79.09,87.35,82.08,2.47,6,0
Blake Corum,RB,LAR,11,89,5,32,4 out of 5,4 out of 5,3.066,85.29,97.8,111.82,100.2,23.6,6,2
MarShawn Lloyd,RB,GB,11,90,5,33,4 out of 5,4 out of 5,3.102,81.57,107.14,132.4,105.91,29.31,6,6
Alec Pierce,WR,IND,13,91,5,40,4 out of 5,4 out of 5,3.848,86.28,96.85,114.87,96.63,17.02,5,1
George Kittle,TE,SF,8,92,5,9,4 out of 5,4 out of 5,1.888,78.61,96.64,114.97,96.02,8.61,3,-6
Chuba Hubbard,RB,CAR,5,93,6,34,2 out of 5,4 out of 5,3.139,91.84,105.91,120.2,104.83,28.23,6,-8
Brock Purdy,QB,SF,8,94,6,11,4 out of 5,2 out of 5,1.99,237.93,251.9,270.0,252.43,8.42,4,19
Josh Downs,WR,IND,13,95,6,41,3 out of 5,4 out of 5,3.848,59.89,67.51,76.82,72.98,-6.64,7,17
Bo Nix,QB,DEN,10,96,6,12,4 out of 5,2 out of 5,2.034,227.36,245.07,255.64,244.01,0.0,5,7
RJ Harvey,RB,DEN,10,97,6,35,2 out of 5,4 out of 5,3.177,71.78,87.93,112.28,92.67,16.07,7,-13
Jaxson Dart,QB,NYG,8,98,6,13,5 out of 5,4 out of 5,2.089,235.71,253.48,275.39,252.7,8.69,4,-3
Stefon Diggs,WR,WAS,7,99,6,42,4 out of 5,2 out of 5,3.848,68.19,72.04,76.59,75.09,-4.52,7,6
Jacory Croskey-Merritt,RB,WAS,7,100,6,36,4 out of 5,4 out of 5,3.216,93.17,101.38,110.52,100.87,24.27,6,-2
Jordan Mason,RB,MIN,6,101,6,37,4 out of 5,3 out of 5,3.257,87.63,98.43,105.88,97.43,20.83,7,-7
Wan'Dale Robinson,WR,TEN,9,102,6,43,4 out of 5,3 out of 5,3.848,64.19,71.1,78.47,73.81,-5.8,7,26
Patrick Mahomes II,QB,KC,5,103,6,14,3 out of 5,4 out of 5,2.154,229.33,246.22,269.36,247.49,3.48,5,11
Travis Kelce,TE,KC,5,104,6,10,3 out of 5,3 out of 5,1.905,82.94,88.45,97.26,90.14,2.73,4,-11
Jayden Reed,WR,GB,11,105,6,44,4 out of 5,4 out of 5,3.848,72.8,81.39,92.64,82.05,2.44,6,4
Kenny Gainwell,RB,TB,10,106,6,38,4 out of 5,3 out of 5,3.299,81.74,90.98,101.16,91.78,15.18,7,2
Jordan Addison,WR,MIN,6,107,6,45,4 out of 5,3 out of 5,3.848,74.52,81.48,90.57,81.63,2.02,6,0
Jared Goff,QB,DET,6,108,6,15,4 out of 5,2 out of 5,2.23,220.46,233.15,248.48,234.67,-9.34,6,15
Matthew Stafford,QB,LAR,11,109,6,16,4 out of 5,2 out of 5,2.316,224.98,236.6,247.37,235.54,-8.47,6,-8
Dalton Kincaid,TE,BUF,7,110,6,11,3 out of 5,4 out of 5,1.934,74.38,85.41,98.96,86.8,-0.61,4,-11
Kyle Monangai,RB,CHI,10,111,6,39,4 out of 5,3 out of 5,3.342,86.15,98.7,113.53,97.55,20.94,6,-14
Makai Lemon,WR,PHI,10,112,6,46,4 out of 5,2 out of 5,3.848,88.18,91.03,94.44,88.18,8.57,6,-2
Rachaad White,RB,WAS,7,113,6,40,4 out of 5,2 out of 5,3.386,77.61,93.26,110.41,93.07,16.46,7,6
Isaiah Likely,TE,NYG,8,114,6,12,4 out of 5,3 out of 5,1.976,70.62,84.01,107.66,87.41,0.0,4,-14
Jakobi Meyers,WR,JAX,7,115,6,47,2 out of 5,3 out of 5,3.848,73.55,77.87,83.2,78.31,-1.31,6,19
KC Concepcion,WR,CLE,11,116,6,48,4 out of 5,3 out of 5,3.848,84.51,92.86,100.65,88.97,9.36,6,5
Dallas Goedert,TE,PHI,10,117,6,13,4 out of 5,3 out of 5,2.029,78.81,93.86,113.85,92.98,5.57,3,3
De'Zhaun Stribling,WR,SF,8,118,6,49,4 out of 5,4 out of 5,3.848,93.55,97.63,101.87,92.7,13.09,6,-12
Kyler Murray,QB,MIN,6,119,6,17,4 out of 5,3 out of 5,2.412,213.82,233.2,254.19,233.59,-10.42,6,10
Aaron Jones Sr.,RB,MIN,6,120,6,41,1 out of 5,4 out of 5,3.431,80.59,89.49,97.21,89.19,12.59,7,5
Jordan Love,QB,GB,11,121,6,18,4 out of 5,3 out of 5,2.519,204.54,218.47,231.19,219.09,-24.92,7,16
Baker Mayfield,QB,TB,10,122,6,19,3 out of 5,4 out of 5,2.636,204.79,221.8,242.12,222.63,-21.38,7,16
Matthew Golden,WR,GB,11,123,6,50,3 out of 5,4 out of 5,3.848,66.34,77.5,90.52,77.96,-1.65,6,7
Chris Rodriguez Jr.,RB,JAX,7,124,6,42,3 out of 5,4 out of 5,3.478,47.11,66.63,92.59,73.57,-3.04,8,16
Jake Ferguson,TE,DAL,14,125,6,14,2 out of 5,4 out of 5,2.096,69.11,76.2,84.9,78.55,-8.86,5,-7
Romeo Doubs,WR,NE,11,126,6,51,4 out of 5,3 out of 5,3.848,68.42,76.49,83.78,76.42,-3.19,7,21
Xavier Worthy,WR,KC,5,127,6,52,4 out of 5,4 out of 5,3.848,70.62,79.95,91.24,79.61,0.0,6,14
Mark Andrews,TE,BAL,13,128,6,15,4 out of 5,4 out of 5,2.175,76.69,87.36,101.25,85.84,-1.57,4,-6
Juwan Johnson,TE,NO,8,129,6,16,4 out of 5,2 out of 5,2.266,64.21,73.38,88.87,75.66,-11.75,5,2
Tyler Allgeier,RB,ARI,14,130,6,43,3 out of 5,4 out of 5,3.526,47.48,54.73,65.28,63.63,-12.97,8,6
Jalen Coker,WR,CAR,5,131,6,53,4 out of 5,3 out of 5,3.848,60.6,69.39,78.2,71.17,-8.44,7,23
Tyler Shough,QB,NO,8,132,6,20,4 out of 5,2 out of 5,2.764,208.58,222.15,236.02,221.31,-22.7,7,36
Woody Marks,RB,HOU,8,133,6,44,3 out of 5,4 out of 5,3.575,63.3,74.44,86.23,76.6,0.0,7,6
Khalil Shakir,WR,BUF,7,134,6,54,2 out of 5,4 out of 5,3.848,60.62,67.86,72.38,69.22,-10.4,7,25
Malik Willis,QB,MIA,6,135,6,21,4 out of 5,4 out of 5,2.902,172.02,209.2,251.87,210.58,-33.44,8,18
Deebo Samuel Sr.,WR,SF,8,136,7,55,4 out of 5,3 out of 5,3.848,71.19,76.01,80.13,75.82,-3.79,7,6
Jonah Coleman,RB,DEN,10,137,7,45,4 out of 5,4 out of 5,3.625,55.53,68.85,81.86,70.17,-6.43,8,7
Jordyn Tyson,WR,NO,8,138,7,56,3 out of 5,5 out of 5,3.848,71.54,76.99,82.02,76.57,-3.04,7,-21
Tyjae Spears,RB,TEN,9,139,7,46,4 out of 5,4 out of 5,3.676,55.02,66.92,80.34,68.01,-8.59,8,19
Rashid Shaheed,WR,SEA,11,140,7,57,3 out of 5,4 out of 5,3.848,65.98,76.64,86.42,76.16,-3.45,7,3
Sam Darnold,QB,SEA,11,141,7,22,2 out of 5,4 out of 5,3.05,185.86,202.51,222.43,204.07,-39.94,9,7
Mike Washington Jr.,RB,LV,13,142,7,47,4 out of 5,4 out of 5,3.729,71.23,91.8,113.22,86.28,9.67,7,-15
Keaton Mitchell,RB,LAC,7,143,7,48,4 out of 5,4 out of 5,3.783,40.58,49.61,58.49,53.9,-22.7,8,19
Dylan Sampson,RB,CLE,11,144,7,49,4 out of 5,2 out of 5,3.838,38.36,52.54,66.68,56.05,-20.55,8,62
Tank Bigsby,RB,PHI,10,145,7,50,4 out of 5,3 out of 5,3.894,41.67,56.01,69.93,57.8,-18.81,8,11
Zach Charbonnet,RB,SEA,11,146,7,51,3 out of 5,4 out of 5,3.951,52.31,69.75,82.8,66.94,-9.67,8,3
Hunter Henry,TE,NE,11,147,7,17,2 out of 5,4 out of 5,2.369,73.77,78.07,85.15,77.59,-9.82,5,4
Denzel Boston,WR,CLE,11,148,7,58,4 out of 5,4 out of 5,3.848,81.85,88.52,95.2,84.95,5.34,6,35
C.J. Stroud,QB,HOU,8,149,7,23,3 out of 5,4 out of 5,3.2,182.41,196.13,214.46,198.88,-45.13,10,16
Brenton Strange,TE,JAX,7,150,7,18,4 out of 5,3 out of 5,2.485,63.84,72.77,88.56,74.48,-12.93,5,24
Chig Okonkwo,TE,WAS,7,151,7,19,4 out of 5,3 out of 5,2.613,51.26,57.85,63.63,59.33,-28.08,6,18
Tre Tucker,WR,LV,13,152,7,59,4 out of 5,2 out of 5,3.848,57.26,66.08,73.9,67.86,-11.75,7,15
Daniel Jones,QB,IND,13,153,7,24,4 out of 5,4 out of 5,3.2,180.8,205.5,239.57,205.5,-38.51,9,26
Dalton Schultz,TE,HOU,8,154,7,20,3 out of 5,2 out of 5,2.754,56.18,64.57,72.54,64.4,-23.02,6,28
Adonai Mitchell,WR,NYJ,13,155,7,60,4 out of 5,4 out of 5,3.848,45.68,53.35,60.89,58.09,-21.53,8,77
Cam Ward,QB,TEN,9,156,7,25,4 out of 5,4 out of 5,3.2,148.54,174.64,199.83,178.87,-65.14,12,21
Braelon Allen,RB,NYJ,13,157,7,52,1 out of 5,4 out of 5,4.0,40.67,58.43,75.74,58.94,-17.66,8,14
Kayshon Boutte,WR,HOU,8,158,7,61,3 out of 5,4 out of 5,3.848,57.04,65.21,73.37,66.91,-12.7,7,41
Jalen McMillan,WR,TB,10,159,7,62,4 out of 5,3 out of 5,3.848,59.97,62.11,64.69,64.47,-15.15,7,67
Alvin Kamara,RB,NO,8,160,7,53,2 out of 5,4 out of 5,4.0,44.89,55.57,63.93,55.71,-20.9,8,-8
Dontayvion Wicks,WR,PHI,10,161,7,63,4 out of 5,4 out of 5,3.848,40.53,45.68,50.4,51.5,-28.11,8,47
Tyrone Tracy Jr.,RB,NYG,8,162,7,54,1 out of 5,4 out of 5,4.0,19.25,39.48,59.29,44.0,-32.6,9,-7
Josh Jacobs,RB,GB,11,163,7,55,4 out of 5,5 out of 5,4.0,64.02,82.44,99.08,75.39,-1.21,8,-103
Emmett Johnson,RB,KC,5,164,7,56,4 out of 5,4 out of 5,4.0,54.39,63.58,72.62,61.6,-15.01,8,-3
Brian Robinson Jr.,RB,ATL,11,165,7,57,1 out of 5,4 out of 5,4.0,48.49,55.75,61.24,55.31,-21.29,8,-20
Jerry Jeudy,WR,CLE,11,166,7,64,1 out of 5,4 out of 5,3.848,61.67,69.15,76.06,69.01,-10.61,7,54
Ray Davis,RB,BUF,7,167,7,58,-,-,4.0,20.07,20.07,20.07,28.94,-47.66,10,11
Ryan Flournoy,WR,DAL,14,168,7,65,4 out of 5,3 out of 5,3.848,39.71,39.71,39.71,46.93,-32.68,8,83
Pat Bryant,WR,DEN,10,169,7,66,3 out of 5,4 out of 5,3.848,31.47,31.47,31.47,40.68,-38.93,9,79
Tre' Harris,WR,LAC,7,170,7,67,4 out of 5,2 out of 5,3.848,39.49,39.49,39.49,46.67,-32.94,8,64
Jauan Jennings,WR,MIN,6,171,7,68,2 out of 5,4 out of 5,3.848,47.85,61.2,74.41,62.83,-16.78,7,13
Terrance Ferguson,TE,LAR,11,172,7,21,4 out of 5,4 out of 5,2.907,60.38,64.29,69.51,64.1,-23.31,6,9
Omar Cooper Jr.,WR,NYJ,13,173,7,69,4 out of 5,4 out of 5,3.848,65.02,74.21,82.96,72.43,-7.19,7,54
AJ Barner,TE,SEA,11,174,7,22,4 out of 5,2 out of 5,3.0,48.83,58.03,70.66,59.73,-27.68,6,19
Jalen Nailor,WR,LV,13,175,7,70,-,-,3.848,53.4,59.53,66.1,61.28,-18.34,8,-3
T.J. Hockenson,TE,MIN,6,176,7,23,2 out of 5,4 out of 5,3.0,52.46,58.82,67.27,59.72,-27.69,6,-3
Bryce Young,QB,CAR,5,177,7,26,2 out of 5,4 out of 5,3.2,172.65,192.47,216.67,189.41,-54.6,11,-2
Keenan Allen,WR,IND,13,178,8,71,3 out of 5,3 out of 5,3.848,49.24,59.68,69.69,61.16,-18.45,8,-12
Malik Washington,WR,MIA,6,179,8,72,3 out of 5,4 out of 5,3.848,38.09,46.79,55.93,51.5,-28.11,8,37
Kenyon Sadiq,TE,NYJ,13,180,8,24,3 out of 5,4 out of 5,3.0,52.54,61.4,74.45,61.8,-25.61,6,9
Jaylin Noel,WR,HOU,8,181,8,73,4 out of 5,3 out of 5,3.848,46.39,53.65,60.49,55.66,-23.95,8,131
Calvin Ridley,WR,TEN,9,182,8,74,2 out of 5,4 out of 5,3.848,63.65,72.43,81.64,69.73,-9.88,7,46
Isiah Pacheco,RB,DET,6,184,8,59,3 out of 5,4 out of 5,4.0,39.86,48.16,57.04,50.12,-26.49,9,-27
Kimani Vidal,RB,LAC,7,185,8,60,1 out of 5,4 out of 5,4.0,20.15,33.54,46.52,38.83,-37.77,9,52
Jacoby Brissett,QB,ARI,14,186,8,27,2 out of 5,4 out of 5,3.2,145.67,173.27,200.52,173.52,-70.49,13,47
Gunnar Helm,TE,TEN,9,187,8,25,3 out of 5,4 out of 5,3.0,41.98,47.84,53.29,50.29,-37.13,8,67
Travis Hunter,WR,JAX,7,188,8,75,3 out of 5,4 out of 5,3.848,46.21,46.21,46.21,49.57,-30.04,8,6
Oronde Gadsden II,TE,LAC,7,191,8,26,3 out of 5,4 out of 5,3.0,32.25,42.15,54.29,46.64,-40.78,8,-4
Rashod Bateman,WR,BAL,13,193,8,76,3 out of 5,4 out of 5,3.848,58.4,68.21,78.16,66.07,-13.54,7,
Malik Davis,RB,DAL,14,194,8,61,-,-,4.0,32.13,47.66,62.33,49.29,-27.31,9,75
Pat Freiermuth,TE,PIT,9,195,8,27,3 out of 5,3 out of 5,3.0,51.08,62.22,69.03,59.75,-27.66,6,3
Sean Tucker,RB,TB,10,197,8,62,3 out of 5,4 out of 5,4.0,18.71,21.44,24.47,29.84,-46.76,9,63
Nicholas Singleton,RB,TEN,9,198,8,63,3 out of 5,4 out of 5,4.0,52.79,55.11,57.56,54.5,-22.1,8,38
Cade Otton,TE,TB,10,200,8,28,2 out of 5,3 out of 5,3.0,43.76,56.67,72.34,57.08,-30.34,7,56
Chris Bell,WR,MIA,6,201,8,77,4 out of 5,4 out of 5,3.848,64.85,75.6,86.35,70.74,-8.88,7,24
Aaron Rodgers,QB,PIT,9,204,8,28,1 out of 5,4 out of 5,3.2,143.31,168.95,185.8,167.83,-76.18,14,-28
Kaytron Allen,RB,WAS,7,206,8,64,3 out of 5,4 out of 5,4.0,49.46,55.79,61.99,54.53,-22.08,8,40
Malachi Fields,WR,NYG,8,208,8,78,4 out of 5,4 out of 5,3.848,68.31,68.31,68.31,65.07,-14.54,7,10
Zachariah Branch,WR,ATL,11,209,8,79,3 out of 5,4 out of 5,3.848,66.03,66.03,66.03,62.94,-16.67,7,46
Isaac TeSlaa,WR,DET,6,210,8,80,3 out of 5,4 out of 5,3.848,34.95,42.63,50.32,45.31,-34.3,9,0
Ja'Kobi Lane,WR,BAL,13,211,8,81,4 out of 5,4 out of 5,3.848,75.39,87.67,99.96,78.14,-1.47,6,-61
Cooper Kupp,WR,SEA,11,213,8,82,2 out of 5,4 out of 5,3.848,44.29,55.35,66.55,53.59,-26.02,8,-16
Kaelon Black,RB,SF,8,215,8,65,4 out of 5,4 out of 5,4.0,66.46,87.05,107.78,77.73,1.12,7,-55
George Holani,RB,SEA,11,217,8,66,3 out of 5,4 out of 5,4.0,14.4,19.0,23.6,26.29,-50.31,10,44
Najee Harris,RB,NYG,8,218,8,67,2 out of 5,4 out of 5,4.0,39.53,44.6,50.24,45.51,-31.09,9,44
Geno Smith,QB,NYJ,13,219,8,29,2 out of 5,4 out of 5,3.2,149.52,175.84,199.57,173.47,-70.54,13,16
Jaylen Wright,RB,MIA,6,222,8,68,-,-,4.0,23.54,31.53,39.68,34.84,-41.76,9,20
Darnell Mooney,WR,NYG,8,223,8,83,3 out of 5,4 out of 5,3.848,30.33,30.33,30.33,34.45,-45.17,9,76
James Conner,RB,ARI,14,224,8,69,3 out of 5,4 out of 5,4.0,0.0,23.65,47.29,28.77,-47.84,10,-15
Justice Hill,RB,BAL,13,225,8,70,-,-,4.0,47.56,57.99,68.7,54.5,-22.11,8,-2
Emanuel Wilson,RB,SEA,11,226,8,71,3 out of 5,4 out of 5,4.0,4.4,30.5,56.89,32.82,-43.78,9,44
Germie Bernard,WR,PIT,9,229,8,84,2 out of 5,4 out of 5,3.848,74.58,75.75,77.34,68.47,-11.15,7,45
Devaughn Vele,WR,NO,8,231,8,85,2 out of 5,4 out of 5,3.848,52.82,56.14,59.47,53.6,-26.01,8,36
Evan Engram,TE,DEN,10,234,8,29,-,-,3.0,45.15,48.62,50.78,48.9,-38.51,8,49
Ted Hurst III,WR,TB,10,236,8,86,4 out of 5,4 out of 5,3.848,58.65,68.61,78.13,62.77,-16.84,7,21
Troy Franklin,WR,DEN,10,237,9,87,1 out of 5,5 out of 5,3.848,22.5,43.31,64.55,43.53,-36.09,9,74
Fernando Mendoza,QB,LV,13,238,9,30,4 out of 5,3 out of 5,3.2,125.03,144.25,163.64,144.29,-99.72,15,-68
Samaje Perine,RB,CIN,6,239,9,72,2 out of 5,5 out of 5,4.0,50.09,55.4,59.87,49.73,-26.87,9,56
Demond Claiborne,RB,MIN,6,242,9,73,3 out of 5,4 out of 5,4.0,50.27,55.03,59.66,49.12,-27.48,9,23
Chris Brooks,RB,GB,11,243,9,74,2 out of 5,4 out of 5,4.0,29.19,44.12,58.63,40.68,-35.92,9,28
Tank Dell,WR,HOU,8,245,9,88,4 out of 5,5 out of 5,3.848,0.0,25.13,50.25,29.67,-49.94,10,-6
Jack Bech,WR,LV,13,246,9,89,3 out of 5,4 out of 5,3.848,27.25,27.25,27.25,31.09,-48.52,9,60
David Njoku,TE,LAC,7,247,9,30,4 out of 5,4 out of 5,3.0,41.52,49.87,59.39,50.17,-37.25,8,-67
Kaleb Johnson,RB,GB,11,248,9,75,1 out of 5,5 out of 5,4.0,4.76,4.76,4.76,11.2,-65.4,10,5
Keon Coleman,WR,BUF,7,249,9,90,2 out of 5,4 out of 5,3.848,35.88,35.88,35.88,37.3,-42.31,9,19
Antonio Williams,WR,WAS,7,253,9,91,4 out of 5,2 out of 5,3.848,59.81,75.96,92.67,67.04,-12.58,7,25
Colby Parkinson,TE,LAR,11,254,9,31,-,-,3.0,34.47,43.6,60.34,46.76,-40.66,8,22
Caleb Douglas,WR,MIA,6,257,9,92,3 out of 5,4 out of 5,3.848,66.44,74.23,82.43,65.65,-13.96,7,-33
Ollie Gordon II,RB,MIA,6,258,9,76,3 out of 5,4 out of 5,4.0,9.88,15.78,21.24,17.64,-58.96,10,34
Jordan James,RB,SF,8,259,9,77,2 out of 5,4 out of 5,4.0,15.11,43.73,72.35,38.71,-37.89,9,-9
Tory Horton,WR,SEA,11,260,9,93,4 out of 5,4 out of 5,3.848,29.8,45.96,61.69,44.02,-35.6,9,43
Isaiah Davis,RB,NYJ,13,261,9,78,2 out of 5,4 out of 5,4.0,20.47,23.67,26.58,23.04,-53.56,10,
LeQuint Allen Jr.,RB,JAX,7,262,9,79,2 out of 5,5 out of 5,4.0,6.49,19.62,32.89,19.77,-56.83,10,
Elic Ayomanor,WR,TEN,9,264,9,94,1 out of 5,5 out of 5,3.848,10.69,38.61,66.41,38.12,-41.49,9,
Ty Johnson,RB,BUF,7,265,9,80,-,-,4.0,43.63,50.87,57.25,42.84,-33.76,9,12
Michael Penix Jr.,QB,ATL,11,266,9,31,2 out of 5,5 out of 5,3.2,58.11,74.2,91.53,82.44,-161.57,15,-17
Tyquan Thornton,WR,KC,5,267,9,95,2 out of 5,5 out of 5,3.848,38.24,48.18,58.11,45.1,-34.51,9,
Greg Dulcich,TE,MIA,6,268,9,32,4 out of 5,4 out of 5,3.0,48.74,60.32,69.36,56.57,-30.85,7,-53
Chimere Dike,WR,TEN,9,270,9,96,1 out of 5,5 out of 5,3.848,11.24,36.79,62.35,35.46,-44.15,9,
Tua Tagovailoa,QB,ATL,11,271,9,32,2 out of 5,4 out of 5,3.2,90.29,105.93,122.7,105.19,-138.83,15,-28
Kirk Cousins,QB,LV,13,272,9,33,2 out of 5,4 out of 5,3.2,27.75,35.44,42.29,46.34,-197.67,15,-28
Kendre Miller,RB,NO,8,274,9,81,2 out of 5,4 out of 5,4.0,9.87,15.16,20.29,16.08,-60.52,10,42
Seth McGowan,RB,IND,13,275,9,82,4 out of 5,4 out of 5,4.0,56.89,60.92,64.95,49.72,-26.88,9,14
DJ Giddens,RB,IND,13,276,9,83,2 out of 5,4 out of 5,4.0,6.06,11.36,16.52,12.43,-64.17,10,
Darius Slayton,WR,NYG,8,277,9,97,2 out of 5,4 out of 5,3.848,34.94,43.75,53.13,40.54,-39.08,9,
Shedeur Sanders,QB,CLE,11,278,9,34,3 out of 5,4 out of 5,3.2,27.38,79.88,118.51,74.99,-169.02,15,-15
Deshaun Watson,QB,CLE,11,279,9,35,1 out of 5,5 out of 5,3.2,51.57,101.83,153.63,85.62,-158.39,15,-20
Xavier Legette,WR,CAR,5,280,9,98,2 out of 5,4 out of 5,3.848,41.59,41.59,41.59,38.0,-41.61,9,
Christian Kirk,WR,SF,8,281,9,99,1 out of 5,5 out of 5,3.848,0.0,23.77,47.54,24.11,-55.51,10,
Elijah Sarratt,WR,BAL,13,283,9,100,3 out of 5,3 out of 5,3.848,49.56,49.56,49.56,43.11,-36.5,9,
Mason Taylor,TE,NYJ,13,284,9,33,1 out of 5,4 out of 5,3.0,27.9,40.9,53.61,41.5,-45.91,9,
Brashard Smith,RB,KC,5,286,9,84,-,-,4.0,28.96,30.78,32.47,26.84,-49.76,10,37
Theo Johnson,TE,NYG,8,291,9,34,2 out of 5,4 out of 5,3.0,27.74,37.11,52.69,39.92,-47.49,9,16
Adam Randall,RB,BAL,13,292,9,85,3 out of 5,5 out of 5,4.0,38.89,62.89,86.89,50.8,-25.8,9,
Devin Singletary,RB,NYG,8,293,9,86,1 out of 5,5 out of 5,4.0,0.0,7.06,14.12,8.47,-68.13,10,-29
Emari Demercado,RB,DAL,14,294,9,87,2 out of 5,5 out of 5,4.0,10.72,16.13,21.25,14.9,-61.7,10,24
Eli Stowers,TE,PHI,10,296,9,35,4 out of 5,4 out of 5,3.0,10.32,21.94,33.72,26.72,-60.69,11,-6
Devin Neal,RB,,,298,9,88,1 out of 5,5 out of 5,4.0,0.0,0.0,0.0,2.84,-73.76,11,
Jaydon Blue,RB,PHI,10,300,9,89,3 out of 5,5 out of 5,4.0,0.0,0.0,0.0,1.86,-74.74,11,-27
Trevor Etienne,RB,CAR,5,302,10,90,2 out of 5,4 out of 5,4.0,0.0,0.0,0.0,1.76,-74.84,11,
Tahj Brooks,RB,CIN,6,304,10,91,-,-,4.0,12.71,12.71,12.71,11.0,-65.6,10,
Mike Gesicki,TE,CIN,6,305,10,36,-,-,3.0,40.43,51.07,60.64,47.66,-39.75,8,-39
Trey Benson,RB,ARI,14,307,10,92,1 out of 5,5 out of 5,4.0,0.0,0.0,0.0,1.19,-75.41,11,3
Jerome Ford,RB,WAS,7,308,10,93,2 out of 5,4 out of 5,4.0,0.0,0.0,0.0,0.0,-76.6,11,
Isaac Guerendo,RB,SF,8,309,10,94,-,-,4.0,0.0,7.45,14.89,5.59,-71.02,11,
Audric Estime,RB,NO,8,310,10,95,-,-,4.0,14.54,14.54,14.54,10.91,-65.7,10,
Jarquez Hunter,RB,,,312,10,96,-,-,4.0,0.0,0.0,0.0,0.0,-76.6,11,
Darren Waller,TE,CAR,5,313,10,37,-,-,3.0,48.41,55.53,63.68,51.48,-35.94,7,-13
Will Shipley,RB,PHI,10,314,10,97,-,-,4.0,11.5,11.5,11.5,8.62,-67.98,10,
Jaleel McLaughlin,RB,CLE,11,316,10,98,-,-,4.0,0.0,0.0,0.0,0.0,-76.6,11,
Jake Tonges,TE,SF,8,318,10,38,-,-,3.0,8.92,16.97,29.44,23.11,-64.3,11,-32
Darnell Washington,TE,PIT,9,320,10,39,-,-,3.0,30.05,33.42,38.01,33.79,-53.62,10,
Kareem Hunt,RB,,,321,10,99,-,-,4.0,0.0,0.0,0.0,0.0,-76.6,11,
Charlie Kolar,TE,LAC,7,322,10,40,-,-,3.0,15.81,27.63,43.74,30.15,-57.26,10,
Oscar Delp,TE,NO,8,323,10,41,4 out of 5,4 out of 5,3.0,7.8,10.44,13.38,15.79,-71.62,12,
Michael Mayer,TE,LV,13,324,10,42,-,-,3.0,31.96,38.29,45.88,36.76,-50.65,9,
Carson Beck,QB,ARI,14,330,10,36,-,-,3.2,20.9,22.33,24.29,22.47,-221.55,15,
Elijah Arroyo,TE,SEA,11,331,10,43,-,-,3.0,13.08,22.36,29.38,23.11,-64.3,11,
Eli Raridon,TE,NE,11,333,10,44,-,-,3.0,19.35,23.33,27.45,23.37,-64.05,11,
Bam Knight,RB,ARI,14,334,10,100,-,-,4.0,0.0,5.86,11.72,4.39,-72.21,11,
Dawson Knox,TE,BUF,7,335,10,45,-,-,3.0,32.97,38.5,44.35,34.68,-52.73,10,
Erick All Jr.,TE,CIN,6,336,10,46,-,-,3.0,29.9,31.54,33.19,29.25,-58.16,10,
Cole Kmet,TE,CHI,10,341,10,47,-,-,3.0,24.46,30.92,42.36,29.92,-57.49,10,
Tyler Higbee,TE,LAR,11,342,11,48,-,-,3.0,17.59,33.7,56.59,31.21,-56.2,10,
Noah Gray,TE,KC,5,343,11,49,-,-,3.0,14.99,22.9,29.22,19.39,-68.03,12,
Mac Jones,QB,SF,8,350,11,37,-,-,3.2,6.36,7.94,9.43,9.47,-234.54,15,-68
J.J. McCarthy,QB,MIN,6,352,11,38,-,-,3.2,6.54,9.17,12.98,10.55,-233.46,15,
Max Klare,TE,LAR,11,353,11,50,-,-,3.0,4.75,9.52,14.3,9.52,-77.89,13,
Ja'Tavion Sanders,TE,CAR,5,357,11,51,-,-,2.201,18.03,19.16,20.94,19.38,-68.03,13,
Justin Fields,QB,KC,5,359,11,39,-,-,3.2,7.04,9.37,12.33,9.72,-234.29,15,
Ty Simpson,QB,LAR,11,361,11,40,-,-,3.2,6.29,14.16,28.46,14.57,-229.44,15,
Anthony Richardson Sr.,QB,IND,13,378,11,41,-,-,3.2,9.37,9.37,9.37,9.37,-234.64,15,
Noah Fant,TE,NO,8,382,11,52,-,-,2.201,12.52,27.9,43.99,28.14,-59.28,13,
Ben Sinnott,TE,WAS,7,383,11,53,-,-,2.201,12.38,16.09,19.64,16.04,-71.38,13,
Tommy Tremble,TE,CAR,5,386,11,54,-,-,2.201,20.48,24.66,27.19,24.11,-63.3,13,
Joe Flacco,QB,CIN,6,390,11,42,-,-,3.2,5.81,7.86,9.53,8.09,-235.92,15,
Mitchell Evans,TE,CAR,5,395,11,55,-,-,2.201,0.0,10.67,21.35,10.67,-76.74,13,
Daniel Bellinger,TE,TEN,9,396,11,56,-,-,2.201,11.4,26.8,41.56,26.59,-60.82,13,
Jameis Winston,QB,NYG,8,397,11,43,-,-,3.2,4.21,8.71,15.04,9.17,-234.85,15,
Marlin Klein,TE,HOU,8,399,11,57,-,-,2.201,2.26,20.32,38.39,20.32,-67.09,13,
Jonnu Smith,TE,GB,11,403,11,58,-,-,2.201,17.75,26.69,35.15,26.53,-60.88,13,
Cade Klubnik,QB,NYJ,13,404,11,44,-,-,3.2,4.57,6.85,9.47,7.21,-236.8,15,
Marcus Mariota,QB,WAS,7,405,11,45,-,-,3.2,7.41,13.51,20.0,12.19,-231.82,15,
Matt Hibner,TE,BAL,13,410,11,59,-,-,2.201,0.0,0.0,0.0,0.0,-87.41,13,
Justin Joly,TE,MIA,6,412,11,60,-,-,2.201,0.0,6.01,12.01,6.01,-81.41,13,
Austin Hooper,TE,ATL,11,414,11,61,-,-,2.201,18.44,24.46,30.03,24.31,-63.1,13,
Luke Musgrave,TE,GB,11,415,11,62,-,-,2.201,0.0,14.15,22.65,12.26,-75.15,13,
Elijah Higgins,TE,ARI,14,416,11,63,-,-,2.201,16.56,19.28,22.48,19.44,-67.97,13,
Adam Trautman,TE,DEN,10,429,12,64,-,-,2.201,18.46,25.22,32.63,25.44,-61.98,13,
Tanner Koziol,TE,JAX,7,431,12,65,-,-,2.201,4.44,8.91,13.88,9.08,-78.34,13,
Jackson Hawes,TE,BUF,7,438,12,66,-,-,2.201,13.17,16.16,19.48,16.27,-71.14,13,
Josh Oliver,TE,MIN,6,440,12,67,-,-,2.201,17.44,27.3,39.29,28.01,-59.4,13,
Joe Milton III,QB,DAL,14,443,12,46,-,-,3.2,0.0,4.62,10.0,5.37,-238.64,15,
John Bates,TE,WAS,7,444,12,68,-,-,2.201,15.22,20.55,26.06,20.61,-66.8,13,
Tanner Hudson,TE,CIN,6,459,12,69,-,-,2.201,0.0,0.0,0.0,0.0,-87.41,13,
Zach Ertz,TE,,,463,12,70,-,-,2.201,0.0,0.0,0.0,0.0,-87.41,13,
Jelani Woods,TE,NYJ,13,469,12,71,-,-,2.201,0.0,0.0,0.0,0.0,-87.41,13,
Tommy Myers,TE,,,470,12,72,-,-,2.201,0.0,0.0,0.0,0.0,-87.41,13,
Will Kacmarek,TE,MIA,6,476,12,73,-,-,2.201,16.46,28.69,41.07,28.74,-58.67,13,
Taylen Green,QB,CLE,11,477,12,47,-,-,3.2,0.0,0.0,0.0,1.16,-242.86,15,
Nate Boerkircher,TE,JAX,7,479,12,74,-,-,2.201,7.27,18.25,29.06,18.19,-69.22,13,
Brock Wright,TE,DET,6,480,12,75,-,-,2.201,8.78,26.43,44.08,26.43,-60.98,13,
Drew Sample,TE,CIN,6,484,12,76,-,-,2.201,12.66,17.18,22.18,17.34,-70.07,13,
Luke Schoonmaker,TE,DAL,14,485,12,77,-,-,2.201,13.15,14.25,15.67,14.35,-73.06,13,
Mo Alie-Cox,TE,IND,13,486,12,78,-,-,2.201,13.45,13.45,13.45,13.45,-73.96,13,
Riley Leonard,QB,IND,13,487,12,48,-,-,3.2,6.53,10.14,14.28,7.73,-236.28,15,
Josh Cuevas,TE,BAL,13,490,12,79,-,-,2.201,4.37,8.31,12.74,8.47,-78.94,13,
Foster Moreau,TE,HOU,8,495,12,80,-,-,2.201,9.12,14.87,20.45,14.81,-72.6,13,
Sam Roush,TE,CHI,10,496,12,81,-,-,2.201,4.21,8.8,13.88,8.96,-78.45,13,
Michael Trigg,TE,DAL,14,497,12,82,-,-,2.201,0.0,0.0,0.0,0.0,-87.41,13,
Cade Stover,TE,HOU,8,498,12,83,-,-,2.201,13.72,14.59,15.63,14.65,-72.76,13,
Seydou Traore,TE,MIA,6,500,12,84,-,-,2.201,6.92,9.8,12.01,9.58,-77.83,13,
Jeremy Ruckert,TE,NYJ,13,501,12,85,-,-,2.201,10.12,18.21,25.65,17.99,-69.42,13,
Durham Smythe,TE,BAL,13,502,12,86,-,-,2.201,9.66,11.4,12.49,11.18,-76.23,13,
Luke Farrell,TE,SF,8,504,12,87,-,-,2.201,4.38,4.38,4.38,4.38,-83.03,13,
Nate Adkins,TE,DEN,10,507,12,88,-,-,2.201,8.82,15.94,23.38,16.05,-71.37,13,
Joe Royer,TE,CLE,11,509,12,89,-,-,2.201,0.0,0.0,0.0,0.0,-87.41,13,
Tyler Conklin,TE,DET,6,510,12,90,-,-,2.201,4.34,4.34,4.34,4.34,-83.07,13,
Grant Calcaterra,TE,PHI,10,511,12,91,-,-,2.201,0.0,9.54,19.07,9.54,-77.88,13,
Brevyn Spann-Ford,TE,DAL,14,515,12,92,-,-,2.201,4.44,9.2,13.47,9.04,-78.37,13,
Bauer Sharp,TE,TB,10,516,12,93,-,-,2.201,14.04,14.04,14.04,14.04,-73.37,13,
Davis Allen,TE,LAR,11,517,12,94,-,-,2.201,9.2,22.01,34.17,21.8,-65.62,13,
Ben Sims,TE,MIA,6,518,12,95,-,-,2.201,0.0,0.0,0.0,0.0,-87.41,13,
Charlie Woerner,TE,ATL,11,519,12,96,-,-,2.201,3.63,12.21,20.78,12.21,-75.21,13,
Josh Whyle,TE,GB,11,520,12,97,-,-,2.201,5.0,8.43,11.85,8.43,-78.99,13,
Jared Wiley,TE,KC,5,522,12,98,-,-,2.201,12.66,12.66,12.66,12.66,-74.75,13,
Drew Ogletree,TE,IND,13,523,12,99,-,-,2.201,4.4,7.44,10.96,7.6,-79.82,13,
Eric Saubert,TE,SEA,11,525,12,100,-,-,2.201,4.25,4.25,4.25,4.25,-83.16,13,
